site,D
1,Nter
2,Nter
3,Nter
4,Nter
5,Nter
6,Nter
7,Nter
8,Nter
9,Nter
10,Nter
11,Nter
12,Nter
13,Nter
14,Nter
15,Nter
16,Nter
17,Nter
18,Nter
19,Nter
20,Nter
21,Nter
22,Nter
23,Nter
24,Nter
25,Nter
26,Nter
27,Nter
28,Nter
29,Nter
30,Nter
31,Nter
32,Nter
33,Nter
34,Nter
35,Nter
36,Nter
37,Nter
38,Nter
39,Nter
40,Nter
41,Nter
42,Nter
43,Nter
44,Nter
45,Nter
46,Nter
47,Nter
48,Nter
49,Nter
50,Nter
51,Nter
52,Nter
53,Nter
54,N1
55,N1
56,N1
57,N1
58,N1
59,N1
60,N1
61,N1
62,N1
63,N1
64,N1
65,N1
66,N1
67,N1
68,N1
69,N1
70,N1
71,N1
72,N1
73,N1
74,N1
75,N1
76,N1
77,N1
78,N1
79,N1
80,N1
81,N1
82,N1
83,N1
84,N1
85,N1
86,N1
87,N1
88,N1
89,N1
90,N1
91,N1
92,N1
93,N1
94,N1
95,N1
96,N1
97,N1
98,N1
99,N1
100,N1
101,N1
102,N1
103,N1
104,N1
105,N1
106,N1
107,N1
108,N1
109,N1
110,N2
111,N2
112,N2
113,N2
114,N2
115,N2
116,N2
117,N2
118,N2
119,N2
120,N2
121,N2
122,N2
123,N2
124,N2
125,N2
126,N2
127,N2
128,N2
129,N2
130,N2
131,N2
132,N2
133,N2
134,N2
135,N2
136,N2
137,N2
138,N2
139,N2
140,N2
141,N2
142,N2
143,N2
144,N2
145,N2
146,N2
147,N2
148,N2
149,N2
150,N2
151,N2
152,N2
153,Lid
154,Lid
155,Lid
156,Lid
157,Lid
158,Lid
159,Lid
160,Lid
161,Lid
162,Lid
163,Lid
164,Lid
165,Lid
166,Lid
167,Lid
168,Lid
169,Lid
170,Lid
171,Lid
172,Lid
173,Lid
174,Lid
175,Lid
176,Lid
177,Lid
178,Lid
179,Lid
180,Lid
181,Lid
182,Lid
183,Lid
184,Lid
185,Lid
186,Lid
187,Lid
188,Lid
189,Lid
190,Lid
191,Lid
192,Lid
193,Lid
194,Lid
195,Lid
196,Lid
197,Lid
198,Lid
199,Lid
200,Lid
201,Lid
202,Lid
203,Lid
204,Lid
205,Lid
206,Lid
207,Lid
208,Lid
209,Lid
210,Lid
211,Lid
212,N2
213,N2
214,N2
215,N2
216,N2
217,N2
218,N2
219,N2
220,N2
221,N2
222,N2
223,N2
224,N2
225,N2
226,N2
227,N2
228,N2
229,N2
230,N2
231,N2
232,N2
233,N2
234,N2
235,N2
236,N2
237,N2
238,N2
239,N2
240,N2
241,N2
242,N2
243,N2
244,N2
245,N2
246,N2
247,Mid-link
248,Mid-link
249,Mid-link
250,Mid-link
251,Mid-link
252,Mid-link
253,Mid-link
254,Mid-link
255,Mid-link
256,Mid-link
257,Mid-link
258,Mid-link
259,Mid-link
260,Mid-link
261,Mid-link
262,Mid-link
263,Mid-link
264,Mid-link
265,Mid-link
266,Mid-link
267,Mid-link
268,Mid-link
269,Mid-link
270,Mid-link
271,Mid-link
272,Mid-link
273,Mid-link
274,Mid-link
275,Mid-link
276,Mid-link
277,Mid-link
278,Mid-link
279,Mid-link
280,Mid-link
281,Mid-link
282,Mid-link
283,Mid-link
284,Mid-link
285,Mid-link
286,Mid-link
287,Mid-link
288,Mid-link
289,Mid-link
290,Mid-link
291,Mid-link
292,Mid-link
293,Mid-link
294,Mid-link
295,Mid-link
296,Mid-link
297,Mid-link
298,Mid-link
299,Mid-link
300,Mid-link
301,Mid-link
302,Mid-link
303,Mid-link
304,Mid-link
305,Mid-link
306,Mid-link
307,Mid-link
308,Mid-link
309,Mid-link
310,Mid-link
311,Mid-link
312,Mid-link
313,Mid-link
314,Mid-link
315,Mid-link
316,Mid-link
317,Mid-link
318,Mid-link
319,Cap-binding
320,Cap-binding
321,Cap-binding
322,Cap-binding
323,Cap-binding
324,Cap-binding
325,Cap-binding
326,Cap-binding
327,Cap-binding
328,Cap-binding
329,Cap-binding
330,Cap-binding
331,Cap-binding
332,Cap-binding
333,Cap-binding
334,Cap-binding
335,Cap-binding
336,Cap-binding
337,Cap-binding
338,Cap-binding
339,Cap-binding
340,Cap-binding
341,Cap-binding
342,Cap-binding
343,Cap-binding
344,Cap-binding
345,Cap-binding
346,Cap-binding
347,Cap-binding
348,Cap-binding
349,Cap-binding
350,Cap-binding
351,Cap-binding
352,Cap-binding
353,Cap-binding
354,Cap-binding
355,Cap-binding
356,Cap-binding
357,Cap-binding
358,Cap-binding
359,Cap-binding
360,Cap-binding
361,Cap-binding
362,Cap-binding
363,Cap-binding
364,Cap-binding
365,Cap-binding
366,Cap-binding
367,Cap-binding
368,Cap-binding
369,Cap-binding
370,Cap-binding
371,Cap-binding
372,Cap-binding
373,Cap-binding
374,Cap-binding
375,Cap-binding
376,Cap-binding
377,Cap-binding
378,Cap-binding
379,Cap-binding
380,Cap-binding
381,Cap-binding
382,Cap-binding
383,Cap-binding
384,Cap-binding
385,Cap-binding
386,Cap-binding
387,Cap-binding
388,Cap-binding
389,Cap-binding
390,Cap-binding
391,Cap-binding
392,Cap-binding
393,Cap-binding
394,Cap-binding
395,Cap-binding
396,Cap-binding
397,Cap-binding
398,Cap-binding
399,Cap-binding
400,Cap-binding
401,Cap-binding
402,Cap-binding
403,Cap-binding
404,Cap-binding
405,Cap-binding
406,Cap-binding
407,Cap-binding
408,Cap-binding
409,Cap-binding
410,Cap-binding
411,Cap-binding
412,Cap-binding
413,Cap-binding
414,Cap-binding
415,Cap-binding
416,Cap-binding
417,Cap-binding
418,Cap-binding
419,Cap-binding
420,Cap-binding
421,Cap-binding
422,Cap-binding
423,Cap-binding
424,Cap-binding
425,Cap-binding
426,Cap-binding
427,Cap-binding
428,Cap-binding
429,Cap-binding
430,Cap-binding
431,Cap-binding
432,Cap-binding
433,Cap-binding
434,Cap-binding
435,Cap-binding
436,Cap-binding
437,Cap-binding
438,Cap-binding
439,Cap-binding
440,Cap-binding
441,Cap-binding
442,Cap-binding
443,Cap-binding
444,Cap-binding
445,Cap-binding
446,Cap-binding
447,Cap-binding
448,Cap-binding
449,Cap-binding
450,Cap-binding
451,Cap-binding
452,Cap-binding
453,Cap-binding
454,Cap-binding
455,Cap-binding
456,Cap-binding
457,Cap-binding
458,Cap-binding
459,Cap-binding
460,Cap-binding
461,Cap-binding
462,Cap-binding
463,Cap-binding
464,Cap-binding
465,Cap-binding
466,Cap-binding
467,Cap-binding
468,Cap-binding
469,Cap-binding
470,Cap-binding
471,Cap-binding
472,Cap-binding
473,Cap-binding
474,Cap-binding
475,Cap-binding
476,Cap-binding
477,Cap-binding
478,Cap-binding
479,Cap-binding
480,Cap-binding
481,Mid-link
482,Mid-link
483,Mid-link
484,Mid-link
485,Mid-link
486,Mid-link
487,Mid-link
488,Mid-link
489,Mid-link
490,Mid-link
491,Mid-link
492,Mid-link
493,Mid-link
494,Mid-link
495,Mid-link
496,Mid-link
497,Mid-link
498,Mid-link
499,Mid-link
500,Mid-link
501,Mid-link
502,Mid-link
503,Mid-link
504,Mid-link
505,Mid-link
506,Mid-link
507,Mid-link
508,Mid-link
509,Mid-link
510,Mid-link
511,Mid-link
512,Mid-link
513,Mid-link
514,Mid-link
515,Mid-link
516,Mid-link
517,Mid-link
518,Mid-link
519,Mid-link
520,Mid-link
521,Mid-link
522,Mid-link
523,Mid-link
524,Mid-link
525,Mid-link
526,Mid-link
527,Mid-link
528,Mid-link
529,Mid-link
530,Mid-link
531,Mid-link
532,Mid-link
533,Mid-link
534,Mid-link
535,Mid-link
536,Mid-link
537,Mid-link
538,627
539,627
540,627
541,627
542,627
543,627
544,627
545,627
546,627
547,627
548,627
549,627
550,627
551,627
552,627
553,627
554,627
555,627
556,627
557,627
558,627
559,627
560,627
561,627
562,627
563,627
564,627
565,627
566,627
567,627
568,627
569,627
570,627
571,627
572,627
573,627
574,627
575,627
576,627
577,627
578,627
579,627
580,627
581,627
582,627
583,627
584,627
585,627
586,627
587,627
588,627
589,627
590,627
591,627
592,627
593,627
594,627
595,627
596,627
597,627
598,627
599,627
600,627
601,627
602,627
603,627
604,627
605,627
606,627
607,627
608,627
609,627
610,627
611,627
612,627
613,627
614,627
615,627
616,627
617,627
618,627
619,627
620,627
621,627
622,627
623,627
624,627
625,627
626,627
627,627
628,627
629,627
630,627
631,627
632,627
633,627
634,627
635,627
636,627
637,627
638,627
639,627
640,627
641,627
642,627
643,627
644,627
645,627
646,627
647,627
648,627
649,627
650,627
651,627
652,627
653,627
654,627
655,627
656,627
657,627
658,627
659,627
660,627
661,627
662,627
663,627
664,627
665,627
666,627
667,627
668,627
669,627
670,627
671,627
672,627
673,627
674,627
675,627
676,627
677,627
678,627
679,627
680,NLS
681,NLS
682,NLS
683,NLS
684,NLS
685,NLS
686,NLS
687,NLS
688,NLS
689,NLS
690,NLS
691,NLS
692,NLS
693,NLS
694,NLS
695,NLS
696,NLS
697,NLS
698,NLS
699,NLS
700,NLS
701,NLS
702,NLS
703,NLS
704,NLS
705,NLS
706,NLS
707,NLS
708,NLS
709,NLS
710,NLS
711,NLS
712,NLS
713,NLS
714,NLS
715,NLS
716,NLS
717,NLS
718,NLS
719,NLS
720,NLS
721,NLS
722,NLS
723,NLS
724,NLS
725,NLS
726,NLS
727,NLS
728,NLS
729,NLS
730,NLS
731,NLS
732,NLS
733,NLS
734,NLS
735,NLS
736,NLS
737,NLS
738,NLS
739,NLS
740,NLS
741,NLS
742,NLS
743,NLS
744,NLS
745,NLS
746,NLS
747,NLS
748,NLS
749,NLS
750,NLS
751,NLS
752,NLS
753,NLS
754,NLS
755,NLS
756,NLS
757,NLS
758,NLS
759,NLS
